,precision,recall,f1-score,support
Good,0.33766233766233766,0.44924406047516197,0.3855421686746988,463.0
Hazardous,0.7631578947368421,0.5471698113207547,0.6373626373626373,106.0
Moderate,0.6855593888615081,0.6277075812274369,0.6553592461719671,2216.0
Unhealthy,0.3911504424778761,0.40625,0.3985572587917042,1088.0
Very_Unhealthy,0.6278511404561825,0.6448828606658447,0.6362530413625304,811.0
accuracy,0.5597779675491034,0.5597779675491034,0.5597779675491034,0.5597779675491034
macro avg,0.5610762408389494,0.5350508627378396,0.5426148704727075,4684.0
weighted avg,0.5745497355300518,0.5597779675491034,0.5653232423749552,4684.0
