{
  "n_estimators": 434,
  "learning_rate": 0.20860558480382832,
  "num_leaves": 198,
  "max_depth": 11,
  "min_child_samples": 26,
  "subsample": 0.9400085001868949,
  "colsample_bytree": 0.8284868657316049,
  "reg_alpha": 7.99765466599453e-05,
  "reg_lambda": 1.7977403889389019,
  "class_weight": "balanced",
  "random_state": 42,
  "n_jobs": -1,
  "verbose": -1
}