{
  "n_estimators": 934,
  "max_depth": 10,
  "learning_rate": 0.017253438133523473,
  "subsample": 0.954361026302282,
  "colsample_bytree": 0.7454763852677375,
  "min_child_weight": 7.7678713039716385,
  "gamma": 4.817534085475853,
  "reg_alpha": 2.0724232359445163e-08,
  "reg_lambda": 0.10396596505514814,
  "objective": "multi:softprob",
  "eval_metric": "mlogloss",
  "tree_method": "hist",
  "random_state": 42,
  "n_jobs": -1
}